{"point":{"x":64.22204713704988,"y":96.17344009466929,"z":40.12347706226163},"calls":125}